{"cameraMode":{"drawMode":0,"name":"Shaded","section":"Shading Mode"},"sceneLighting":true,"audioPlay":false,"sceneViewState":{"showFog":true,"showMaterialUpdate":false,"showSkybox":true,"showFlares":true,"showImageEffects":true,"showParticleSystems":true},"in2DMode":false,"pivot":{"x":-2.903461217880249,"y":-2.7944283485412599,"z":4.901491165161133},"rotation":{"x":-0.12382727861404419,"y":-0.10192196816205979,"z":0.0127875292673707,"w":-0.9869741797447205},"size":8.176416397094727,"orthographic":false}